"DESCRIPTION","DURATION IN MS","NAME","PARENT SUITE","START TIME","STATUS","STOP TIME","SUB SUITE","SUITE","TEST CLASS","TEST METHOD"
"","256","GET /products/:id responde en < 500ms","Products API Tests","Thu Jun 18 03:12:12 UTC 2026","passed","Thu Jun 18 03:12:12 UTC 2026","com.alan.qa.tests.PerformanceTests","API Tests","com.alan.qa.tests.PerformanceTests","testGetProductByIdResponseTime"
"","309","Actualizar stock a negativo (debe fallar)","Products API Tests","Thu Jun 18 03:12:10 UTC 2026","passed","Thu Jun 18 03:12:11 UTC 2026","com.alan.qa.tests.ValidationTests","API Tests","com.alan.qa.tests.ValidationTests","testUpdateProductToNegativeStock"
"Obtener un producto específico por su ID","344","Obtener producto por ID","Products API Tests","Thu Jun 18 03:12:06 UTC 2026","passed","Thu Jun 18 03:12:07 UTC 2026","com.alan.qa.tests.ProductTests","API Tests","com.alan.qa.tests.ProductTests","testGetProductById"
"Eliminar un producto existente de la base de datos","322","Eliminar producto","Products API Tests","Thu Jun 18 03:12:08 UTC 2026","passed","Thu Jun 18 03:12:09 UTC 2026","com.alan.qa.tests.ProductDeleteTests","API Tests","com.alan.qa.tests.ProductDeleteTests","testDeleteProduct"
"Validar que producto inexistente devuelve 404","203","Producto no existe (404)","Products API Tests","Thu Jun 18 03:12:06 UTC 2026","passed","Thu Jun 18 03:12:06 UTC 2026","com.alan.qa.tests.ProductTests","API Tests","com.alan.qa.tests.ProductTests","testGetNonExistentProduct"
"","116","Category vacío rechazado","Products API Tests","Thu Jun 18 03:12:09 UTC 2026","passed","Thu Jun 18 03:12:09 UTC 2026","com.alan.qa.tests.ValidationTests","API Tests","com.alan.qa.tests.ValidationTests","testCreateProductWithEmptyCategory"
"","122","Crear producto sin category (debe fallar)","Products API Tests","Thu Jun 18 03:12:10 UTC 2026","passed","Thu Jun 18 03:12:10 UTC 2026","com.alan.qa.tests.ValidationTests","API Tests","com.alan.qa.tests.ValidationTests","testCreateProductWithoutCategory"
"Validar que crear producto sin token es rechazado (seguridad)","116","Crear producto sin token (debe fallar)","Products API Tests","Thu Jun 18 03:12:07 UTC 2026","passed","Thu Jun 18 03:12:07 UTC 2026","com.alan.qa.tests.ProductCreateTests","API Tests","com.alan.qa.tests.ProductCreateTests","testCreateProductWithoutToken"
"","118","Precio negativo rechazado","Products API Tests","Thu Jun 18 03:12:09 UTC 2026","passed","Thu Jun 18 03:12:09 UTC 2026","com.alan.qa.tests.ValidationTests","API Tests","com.alan.qa.tests.ValidationTests","testCreateProductWithNegativePrice"
"","125","Título vacío rechazado","Products API Tests","Thu Jun 18 03:12:09 UTC 2026","passed","Thu Jun 18 03:12:09 UTC 2026","com.alan.qa.tests.ValidationTests","API Tests","com.alan.qa.tests.ValidationTests","testCreateProductWithEmptyTitle"
"Validar estructura completa y tipos de datos del producto","274","Validar estructura de producto","Products API Tests","Thu Jun 18 03:12:07 UTC 2026","passed","Thu Jun 18 03:12:07 UTC 2026","com.alan.qa.tests.ProductTests","API Tests","com.alan.qa.tests.ProductTests","testProductStructure"
"","124","Precio cero rechazado","Products API Tests","Thu Jun 18 03:12:10 UTC 2026","passed","Thu Jun 18 03:12:10 UTC 2026","com.alan.qa.tests.ValidationTests","API Tests","com.alan.qa.tests.ValidationTests","testCreateProductWithZeroPrice"
"","527","POST /auth/login responde en < 500ms","Products API Tests","Thu Jun 18 03:12:13 UTC 2026","passed","Thu Jun 18 03:12:14 UTC 2026","com.alan.qa.tests.PerformanceTests","API Tests","com.alan.qa.tests.PerformanceTests","testLoginResponseTime"
"","115","GET /products responde en < 500ms","Products API Tests","Thu Jun 18 03:12:12 UTC 2026","passed","Thu Jun 18 03:12:12 UTC 2026","com.alan.qa.tests.PerformanceTests","API Tests","com.alan.qa.tests.PerformanceTests","testGetProductsResponseTime"
"","115","Stock negativo rechazado","Products API Tests","Thu Jun 18 03:12:09 UTC 2026","passed","Thu Jun 18 03:12:09 UTC 2026","com.alan.qa.tests.ValidationTests","API Tests","com.alan.qa.tests.ValidationTests","testCreateProductWithNegativeStock"
"","128","Crear producto sin titulo (debe fallar)","Products API Tests","Thu Jun 18 03:12:10 UTC 2026","passed","Thu Jun 18 03:12:10 UTC 2026","com.alan.qa.tests.ValidationTests","API Tests","com.alan.qa.tests.ValidationTests","testCreateProductWithoutTitle"
"Obtener lista completa de todos los productos disponibles","223","Obtener todos los productos","Products API Tests","Thu Jun 18 03:12:06 UTC 2026","passed","Thu Jun 18 03:12:06 UTC 2026","com.alan.qa.tests.ProductTests","API Tests","com.alan.qa.tests.ProductTests","testGetAllProducts"
"","1218","GET /products/1 responde consistentemente","Products API Tests","Thu Jun 18 03:12:11 UTC 2026","passed","Thu Jun 18 03:12:12 UTC 2026","com.alan.qa.tests.PerformanceTests","API Tests","com.alan.qa.tests.PerformanceTests","testConsistentResponseTimes"
"","255","Actualizar precio a negativo (debe fallar)","Products API Tests","Thu Jun 18 03:12:10 UTC 2026","passed","Thu Jun 18 03:12:10 UTC 2026","com.alan.qa.tests.ValidationTests","API Tests","com.alan.qa.tests.ValidationTests","testUpdateProductToNegativePrice"
"","120","Crear producto sin price (debe fallar)","Products API Tests","Thu Jun 18 03:12:10 UTC 2026","passed","Thu Jun 18 03:12:10 UTC 2026","com.alan.qa.tests.ValidationTests","API Tests","com.alan.qa.tests.ValidationTests","testCreateProductWithoutPrice"
"Validar que eliminar producto inexistente devuelve 404","195","Eliminar producto inexistente (404)","Products API Tests","Thu Jun 18 03:12:08 UTC 2026","passed","Thu Jun 18 03:12:08 UTC 2026","com.alan.qa.tests.ProductDeleteTests","API Tests","com.alan.qa.tests.ProductDeleteTests","testDeleteNonExistentProduct"
"Validar que credenciales incorrectas son rechazadas","140","Login con credenciales incorrectas","Products API Tests","Thu Jun 18 03:12:06 UTC 2026","passed","Thu Jun 18 03:12:06 UTC 2026","com.alan.qa.tests.AuthTests","API Tests","com.alan.qa.tests.AuthTests","testLoginWithWrongCredentials"
"","129","Stock como string debe fallar o manejarse","Products API Tests","Thu Jun 18 03:12:09 UTC 2026","passed","Thu Jun 18 03:12:10 UTC 2026","com.alan.qa.tests.ValidationTests","API Tests","com.alan.qa.tests.ValidationTests","testCreateProductWithStockAsString"
"","1192","GET /products bajo múltiples requests consecutivos","Products API Tests","Thu Jun 18 03:12:12 UTC 2026","passed","Thu Jun 18 03:12:13 UTC 2026","com.alan.qa.tests.PerformanceTests","API Tests","com.alan.qa.tests.PerformanceTests","testMultipleRequestsUnderLoad"
"Validar que actualizar sin token es rechazado","256","Actualizar producto sin token (debe fallar)","Products API Tests","Thu Jun 18 03:12:07 UTC 2026","passed","Thu Jun 18 03:12:08 UTC 2026","com.alan.qa.tests.ProductUpdateTests","API Tests","com.alan.qa.tests.ProductUpdateTests","testUpdateProductWithoutToken"
"Validar que eliminar sin token es rechazado","262","Eliminar producto sin token (debe fallar)","Products API Tests","Thu Jun 18 03:12:08 UTC 2026","passed","Thu Jun 18 03:12:08 UTC 2026","com.alan.qa.tests.ProductDeleteTests","API Tests","com.alan.qa.tests.ProductDeleteTests","testDeleteProductWithoutToken"
"Crear un producto nuevo con todos los campos válidos","214","Crear producto con datos válidos","Products API Tests","Thu Jun 18 03:12:07 UTC 2026","passed","Thu Jun 18 03:12:07 UTC 2026","com.alan.qa.tests.ProductCreateTests","API Tests","com.alan.qa.tests.ProductCreateTests","testCreateProductSuccessfully"
"Actualizar precio de un producto existente","356","Actualizar precio de producto","Products API Tests","Thu Jun 18 03:12:08 UTC 2026","passed","Thu Jun 18 03:12:08 UTC 2026","com.alan.qa.tests.ProductUpdateTests","API Tests","com.alan.qa.tests.ProductUpdateTests","testUpdateProductPrice"
"Validar que login sin password es rechazado","248","Login sin password","Products API Tests","Thu Jun 18 03:12:04 UTC 2026","passed","Thu Jun 18 03:12:05 UTC 2026","com.alan.qa.tests.AuthTests","API Tests","com.alan.qa.tests.AuthTests","testLoginWithoutPassword"
"Validar que campo title es requerido en creación","131","Crear producto sin title (validación)","Products API Tests","Thu Jun 18 03:12:07 UTC 2026","passed","Thu Jun 18 03:12:07 UTC 2026","com.alan.qa.tests.ProductCreateTests","API Tests","com.alan.qa.tests.ProductCreateTests","testCreateProductWithoutTitle"
"Login exitoso y guardar token para usar en otros tests","1108","Login exitoso y guardar token","Products API Tests","Thu Jun 18 03:12:05 UTC 2026","passed","Thu Jun 18 03:12:06 UTC 2026","com.alan.qa.tests.AuthTests","API Tests","com.alan.qa.tests.AuthTests","testLoginSuccessfully"
"","130","Precio como string debe fallar o manejarse","Products API Tests","Thu Jun 18 03:12:09 UTC 2026","passed","Thu Jun 18 03:12:09 UTC 2026","com.alan.qa.tests.ValidationTests","API Tests","com.alan.qa.tests.ValidationTests","testCreateProductWithPriceAsString"
